﻿<?xml version="1.0" encoding="utf-8"?>
<helpItems schema="maml">

<command:command xmlns:maml="http://schemas.microsoft.com/maml/2004/10" xmlns:command="http://schemas.microsoft.com/maml/dev/command/2004/10" xmlns:dev="http://schemas.microsoft.com/maml/dev/2004/10" xmlns:MSHelp="http://msdn.microsoft.com/mshelp">
<command:details><command:name>Add-CFFirewallRule</command:name>
<command:verb>Add</command:verb>
<command:noun>CFFirewallRule</command:noun>
<maml:description><maml:para>Adds a cloudflare firewall rule.
</maml:para>
</maml:description>
</command:details>
<maml:description><maml:para>Adds a cloudflare firewall rule.
</maml:para>
</maml:description>
<command:syntax><command:syntaxItem><maml:name>Add-CFFirewallRule</maml:name>
<command:parameter required="true" variableLength="true" globbing="false" pipelineInput="False" position="1" aliases="none"><maml:name>Item</maml:name>
<maml:Description><maml:para>This can be an IP, IP range (Cidr notation), ASN (AS####), or 2 letter Country code
</maml:para>
</maml:Description>
<command:parameterValue required="true" variableLength="false">String</command:parameterValue>
<dev:type><maml:name>String</maml:name>
<maml:uri /></dev:type>
<dev:defaultValue>None</dev:defaultValue>
</command:parameter>
<command:parameter required="false" variableLength="true" globbing="false" pipelineInput="False" position="2" aliases="none"><maml:name>ZoneID</maml:name>
<maml:Description><maml:para>You apply firewall rules to individual zones or to the whole organization. If you pass ZoneID it will be targeted otherwise the currently loaded zone from Set-CFCurrentZone is targeted.
</maml:para>
</maml:Description>
<command:parameterValue required="true" variableLength="false">String</command:parameterValue>
<dev:type><maml:name>String</maml:name>
<maml:uri /></dev:type>
<dev:defaultValue>None</dev:defaultValue>
</command:parameter>
<command:parameter required="false" variableLength="true" globbing="false" pipelineInput="False" position="3" aliases="none"><maml:name>Target</maml:name>
<maml:Description><maml:para>Are you adding an IP, IP_Range, ASN, or Country?
</maml:para>
</maml:Description>
<command:parameterValue required="true" variableLength="false">String</command:parameterValue>
<dev:type><maml:name>String</maml:name>
<maml:uri /></dev:type>
<dev:defaultValue>Ip</dev:defaultValue>
</command:parameter>
<command:parameter required="false" variableLength="true" globbing="false" pipelineInput="False" position="4" aliases="none"><maml:name>Mode</maml:name>
<maml:Description><maml:para>What is this rule going to do? Options include whitelist, block, challenge, js_challenge. Default is to whitelist.
</maml:para>
</maml:Description>
<command:parameterValue required="true" variableLength="false">String</command:parameterValue>
<dev:type><maml:name>String</maml:name>
<maml:uri /></dev:type>
<dev:defaultValue>Whitelist</dev:defaultValue>
</command:parameter>
<command:parameter required="false" variableLength="true" globbing="false" pipelineInput="False" position="5" aliases="none"><maml:name>Notes</maml:name>
<maml:Description><maml:para>Any additional notes for the added firewall rule
</maml:para>
</maml:Description>
<command:parameterValue required="true" variableLength="false">String</command:parameterValue>
<dev:type><maml:name>String</maml:name>
<maml:uri /></dev:type>
<dev:defaultValue>None</dev:defaultValue>
</command:parameter>
</command:syntaxItem>
</command:syntax>
<command:parameters><command:parameter required="true" variableLength="true" globbing="false" pipelineInput="False" position="1" aliases="none"><maml:name>Item</maml:name>
<maml:Description><maml:para>This can be an IP, IP range (Cidr notation), ASN (AS####), or 2 letter Country code
</maml:para>
</maml:Description>
<command:parameterValue required="true" variableLength="false">String</command:parameterValue>
<dev:type><maml:name>String</maml:name>
<maml:uri /></dev:type>
<dev:defaultValue>None</dev:defaultValue>
</command:parameter>
<command:parameter required="false" variableLength="true" globbing="false" pipelineInput="False" position="2" aliases="none"><maml:name>ZoneID</maml:name>
<maml:Description><maml:para>You apply firewall rules to individual zones or to the whole organization. If you pass ZoneID it will be targeted otherwise the currently loaded zone from Set-CFCurrentZone is targeted.
</maml:para>
</maml:Description>
<command:parameterValue required="true" variableLength="false">String</command:parameterValue>
<dev:type><maml:name>String</maml:name>
<maml:uri /></dev:type>
<dev:defaultValue>None</dev:defaultValue>
</command:parameter>
<command:parameter required="false" variableLength="true" globbing="false" pipelineInput="False" position="3" aliases="none"><maml:name>Target</maml:name>
<maml:Description><maml:para>Are you adding an IP, IP_Range, ASN, or Country?
</maml:para>
</maml:Description>
<command:parameterValue required="true" variableLength="false">String</command:parameterValue>
<dev:type><maml:name>String</maml:name>
<maml:uri /></dev:type>
<dev:defaultValue>Ip</dev:defaultValue>
</command:parameter>
<command:parameter required="false" variableLength="true" globbing="false" pipelineInput="False" position="4" aliases="none"><maml:name>Mode</maml:name>
<maml:Description><maml:para>What is this rule going to do? Options include whitelist, block, challenge, js_challenge. Default is to whitelist.
</maml:para>
</maml:Description>
<command:parameterValue required="true" variableLength="false">String</command:parameterValue>
<dev:type><maml:name>String</maml:name>
<maml:uri /></dev:type>
<dev:defaultValue>Whitelist</dev:defaultValue>
</command:parameter>
<command:parameter required="false" variableLength="true" globbing="false" pipelineInput="False" position="5" aliases="none"><maml:name>Notes</maml:name>
<maml:Description><maml:para>Any additional notes for the added firewall rule
</maml:para>
</maml:Description>
<command:parameterValue required="true" variableLength="false">String</command:parameterValue>
<dev:type><maml:name>String</maml:name>
<maml:uri /></dev:type>
<dev:defaultValue>None</dev:defaultValue>
</command:parameter>
</command:parameters>
<command:inputTypes></command:inputTypes>
<command:returnValues></command:returnValues>
<maml:alertSet><maml:alert><maml:para>Author: Zachary Loeber
</maml:para>
</maml:alert>
</maml:alertSet>
<command:examples><command:example><maml:title>-------------------------- EXAMPLE 1 --------------------------</maml:title>
<dev:code>Add-CFFirewallRule -ZoneID $ZoneID -Item '96.9.128.0/24' -Notes 'Load Balancer Ip Block - 4.1' -Target 'ip_range' -Mode:challenge -Verbose</dev:code>
<dev:remarks><maml:para>
</maml:para>
</dev:remarks>
</command:example>
</command:examples>
<command:relatedLinks><maml:navigationLink><maml:linkText>https://github.com/zloeber/PSCloudFlare</maml:linkText>
<maml:uri>https://github.com/zloeber/PSCloudFlare</maml:uri>
</maml:navigationLink>
</command:relatedLinks>
</command:command>
<command:command xmlns:maml="http://schemas.microsoft.com/maml/2004/10" xmlns:command="http://schemas.microsoft.com/maml/dev/command/2004/10" xmlns:dev="http://schemas.microsoft.com/maml/dev/2004/10" xmlns:MSHelp="http://msdn.microsoft.com/mshelp">
<command:details><command:name>Connect-CFClientAPI</command:name>
<command:verb>Connect</command:verb>
<command:noun>CFClientAPI</command:noun>
<maml:description><maml:para>Connects to the CloudFlare API for future requests.
</maml:para>
</maml:description>
</command:details>
<maml:description><maml:para>Connects to the CloudFlare API for future requests.
</maml:para>
</maml:description>
<command:syntax><command:syntaxItem><maml:name>Connect-CFClientAPI</maml:name>
<command:parameter required="true" variableLength="true" globbing="false" pipelineInput="False" position="1" aliases="none"><maml:name>APIToken</maml:name>
<maml:Description><maml:para>The Cloudflare API token.
</maml:para>
</maml:Description>
<command:parameterValue required="true" variableLength="false">String</command:parameterValue>
<dev:type><maml:name>String</maml:name>
<maml:uri /></dev:type>
<dev:defaultValue>None</dev:defaultValue>
</command:parameter>
<command:parameter required="true" variableLength="true" globbing="false" pipelineInput="False" position="2" aliases="none"><maml:name>EmailAddress</maml:name>
<maml:Description><maml:para>The associated email address with this Cloudflare API token.
</maml:para>
</maml:Description>
<command:parameterValue required="true" variableLength="false">String</command:parameterValue>
<dev:type><maml:name>String</maml:name>
<maml:uri /></dev:type>
<dev:defaultValue>None</dev:defaultValue>
</command:parameter>
</command:syntaxItem>
</command:syntax>
<command:parameters><command:parameter required="true" variableLength="true" globbing="false" pipelineInput="False" position="1" aliases="none"><maml:name>APIToken</maml:name>
<maml:Description><maml:para>The Cloudflare API token.
</maml:para>
</maml:Description>
<command:parameterValue required="true" variableLength="false">String</command:parameterValue>
<dev:type><maml:name>String</maml:name>
<maml:uri /></dev:type>
<dev:defaultValue>None</dev:defaultValue>
</command:parameter>
<command:parameter required="true" variableLength="true" globbing="false" pipelineInput="False" position="2" aliases="none"><maml:name>EmailAddress</maml:name>
<maml:Description><maml:para>The associated email address with this Cloudflare API token.
</maml:para>
</maml:Description>
<command:parameterValue required="true" variableLength="false">String</command:parameterValue>
<dev:type><maml:name>String</maml:name>
<maml:uri /></dev:type>
<dev:defaultValue>None</dev:defaultValue>
</command:parameter>
</command:parameters>
<command:inputTypes></command:inputTypes>
<command:returnValues></command:returnValues>
<maml:alertSet><maml:alert><maml:para>Author: Zachary Loeber
</maml:para>
</maml:alert>
</maml:alertSet>
<command:examples><command:example><maml:title>-------------------------- EXAMPLE 1 --------------------------</maml:title>
<dev:code>Connect-CFClientAPI -APIToken xxxxxxxxxxxxxxxxxxxxx -EmailAddress 'jdoe@contoso.com'</dev:code>
<dev:remarks><maml:para>
</maml:para>
</dev:remarks>
</command:example>
</command:examples>
<command:relatedLinks><maml:navigationLink><maml:linkText>https://github.com/zloeber/PSCloudFlare</maml:linkText>
<maml:uri>https://github.com/zloeber/PSCloudFlare</maml:uri>
</maml:navigationLink>
</command:relatedLinks>
</command:command>
<command:command xmlns:maml="http://schemas.microsoft.com/maml/2004/10" xmlns:command="http://schemas.microsoft.com/maml/dev/command/2004/10" xmlns:dev="http://schemas.microsoft.com/maml/dev/2004/10" xmlns:MSHelp="http://msdn.microsoft.com/mshelp">
<command:details><command:name>Get-CFFirewallRule</command:name>
<command:verb>Get</command:verb>
<command:noun>CFFirewallRule</command:noun>
<maml:description><maml:para>List Cloudflare firewall rules.
</maml:para>
</maml:description>
</command:details>
<maml:description><maml:para>List Cloudflare firewall rules.
</maml:para>
</maml:description>
<command:syntax><command:syntaxItem><maml:name>Get-CFFirewallRule</maml:name>
<command:parameter required="false" variableLength="true" globbing="false" pipelineInput="False" position="1" aliases="none"><maml:name>ZoneID</maml:name>
<maml:Description><maml:para>You apply firewall rules to individual zones or to the whole organization. If you pass ZoneID it will be targeted otherwise the currently loaded zone from Set-CFCurrentZone is targeted.
</maml:para>
</maml:Description>
<command:parameterValue required="true" variableLength="false">String</command:parameterValue>
<dev:type><maml:name>String</maml:name>
<maml:uri /></dev:type>
<dev:defaultValue>None</dev:defaultValue>
</command:parameter>
</command:syntaxItem>
</command:syntax>
<command:parameters><command:parameter required="false" variableLength="true" globbing="false" pipelineInput="False" position="1" aliases="none"><maml:name>ZoneID</maml:name>
<maml:Description><maml:para>You apply firewall rules to individual zones or to the whole organization. If you pass ZoneID it will be targeted otherwise the currently loaded zone from Set-CFCurrentZone is targeted.
</maml:para>
</maml:Description>
<command:parameterValue required="true" variableLength="false">String</command:parameterValue>
<dev:type><maml:name>String</maml:name>
<maml:uri /></dev:type>
<dev:defaultValue>None</dev:defaultValue>
</command:parameter>
</command:parameters>
<command:inputTypes></command:inputTypes>
<command:returnValues></command:returnValues>
<maml:alertSet><maml:alert><maml:para>Author: Zachary Loeber
</maml:para>
</maml:alert>
</maml:alertSet>
<command:examples><command:example><maml:title>-------------------------- EXAMPLE 1 --------------------------</maml:title>
<dev:code>Get-CFFirewallRule</dev:code>
<dev:remarks><maml:para>
</maml:para>
</dev:remarks>
</command:example>
</command:examples>
<command:relatedLinks><maml:navigationLink><maml:linkText>https://github.com/zloeber/PSCloudFlare</maml:linkText>
<maml:uri>https://github.com/zloeber/PSCloudFlare</maml:uri>
</maml:navigationLink>
</command:relatedLinks>
</command:command>
<command:command xmlns:maml="http://schemas.microsoft.com/maml/2004/10" xmlns:command="http://schemas.microsoft.com/maml/dev/command/2004/10" xmlns:dev="http://schemas.microsoft.com/maml/dev/2004/10" xmlns:MSHelp="http://msdn.microsoft.com/mshelp">
<command:details><command:name>Get-CFZoneID</command:name>
<command:verb>Get</command:verb>
<command:noun>CFZoneID</command:noun>
<maml:description><maml:para>Returns the ZoneID of the passed zone name (if it exists)
</maml:para>
</maml:description>
</command:details>
<maml:description><maml:para>Returns the ZoneID of the passed zone name (if it exists)
</maml:para>
</maml:description>
<command:syntax><command:syntaxItem><maml:name>Get-CFZoneID</maml:name>
<command:parameter required="true" variableLength="true" globbing="false" pipelineInput="False" position="1" aliases="none"><maml:name>Zone</maml:name>
<maml:Description><maml:para>Zone name.
</maml:para>
</maml:Description>
<command:parameterValue required="true" variableLength="false">String</command:parameterValue>
<dev:type><maml:name>String</maml:name>
<maml:uri /></dev:type>
<dev:defaultValue>None</dev:defaultValue>
</command:parameter>
</command:syntaxItem>
</command:syntax>
<command:parameters><command:parameter required="true" variableLength="true" globbing="false" pipelineInput="False" position="1" aliases="none"><maml:name>Zone</maml:name>
<maml:Description><maml:para>Zone name.
</maml:para>
</maml:Description>
<command:parameterValue required="true" variableLength="false">String</command:parameterValue>
<dev:type><maml:name>String</maml:name>
<maml:uri /></dev:type>
<dev:defaultValue>None</dev:defaultValue>
</command:parameter>
</command:parameters>
<command:inputTypes></command:inputTypes>
<command:returnValues><command:returnValue><dev:type><maml:name>System.String</maml:name>
</dev:type>
<maml:description><maml:para>
</maml:para>
</maml:description>
</command:returnValue>
</command:returnValues>
<maml:alertSet><maml:alert><maml:para>Author: Zachary Loeber
</maml:para>
</maml:alert>
</maml:alertSet>
<command:examples><command:example><maml:title>-------------------------- EXAMPLE 1 --------------------------</maml:title>
<dev:code>Get-CFZoneID -Zone 'contoso.com'</dev:code>
<dev:remarks><maml:para>
</maml:para>
</dev:remarks>
</command:example>
</command:examples>
<command:relatedLinks><maml:navigationLink><maml:linkText>https://github.com/zloeber/PSCloudFlare</maml:linkText>
<maml:uri>https://github.com/zloeber/PSCloudFlare</maml:uri>
</maml:navigationLink>
</command:relatedLinks>
</command:command>
<command:command xmlns:maml="http://schemas.microsoft.com/maml/2004/10" xmlns:command="http://schemas.microsoft.com/maml/dev/command/2004/10" xmlns:dev="http://schemas.microsoft.com/maml/dev/2004/10" xmlns:MSHelp="http://msdn.microsoft.com/mshelp">
<command:details><command:name>Invoke-CFAPI4Request</command:name>
<command:verb>Invoke</command:verb>
<command:noun>CFAPI4Request</command:noun>
<maml:description><maml:para>Send REST request to Cloudflare URI.
</maml:para>
</maml:description>
</command:details>
<maml:description><maml:para>Send REST request to Cloudflare URI.
</maml:para>
</maml:description>
<command:syntax><command:syntaxItem><maml:name>Invoke-CFAPI4Request</maml:name>
<command:parameter required="true" variableLength="true" globbing="false" pipelineInput="False" position="1" aliases="none"><maml:name>Uri</maml:name>
<maml:Description><maml:para>Target URI to send request to.
</maml:para>
</maml:Description>
<command:parameterValue required="true" variableLength="false">Uri</command:parameterValue>
<dev:type><maml:name>Uri</maml:name>
<maml:uri /></dev:type>
<dev:defaultValue>None</dev:defaultValue>
</command:parameter>
<command:parameter required="false" variableLength="true" globbing="false" pipelineInput="False" position="2" aliases="none"><maml:name>Headers</maml:name>
<maml:Description><maml:para>All the headers in hashtable format you will be sending.
</maml:para>
</maml:Description>
<command:parameterValue required="true" variableLength="false">Hashtable</command:parameterValue>
<dev:type><maml:name>Hashtable</maml:name>
<maml:uri /></dev:type>
<dev:defaultValue>$Script:Headers</dev:defaultValue>
</command:parameter>
<command:parameter required="false" variableLength="true" globbing="false" pipelineInput="False" position="3" aliases="none"><maml:name>Body</maml:name>
<maml:Description><maml:para>The body of the REST request
</maml:para>
</maml:Description>
<command:parameterValue required="true" variableLength="false">Object</command:parameterValue>
<dev:type><maml:name>Object</maml:name>
<maml:uri /></dev:type>
<dev:defaultValue>None</dev:defaultValue>
</command:parameter>
<command:parameter required="false" variableLength="true" globbing="false" pipelineInput="False" position="4" aliases="none"><maml:name>Method</maml:name>
<maml:Description><maml:para>REST method to send. Can be Head, Get, Put, Patch, Post, or Delete. Default is Get.
</maml:para>
</maml:Description>
<command:parameterValue required="true" variableLength="false">String</command:parameterValue>
<dev:type><maml:name>String</maml:name>
<maml:uri /></dev:type>
<dev:defaultValue>Get</dev:defaultValue>
</command:parameter>
</command:syntaxItem>
</command:syntax>
<command:parameters><command:parameter required="true" variableLength="true" globbing="false" pipelineInput="False" position="1" aliases="none"><maml:name>Uri</maml:name>
<maml:Description><maml:para>Target URI to send request to.
</maml:para>
</maml:Description>
<command:parameterValue required="true" variableLength="false">Uri</command:parameterValue>
<dev:type><maml:name>Uri</maml:name>
<maml:uri /></dev:type>
<dev:defaultValue>None</dev:defaultValue>
</command:parameter>
<command:parameter required="false" variableLength="true" globbing="false" pipelineInput="False" position="2" aliases="none"><maml:name>Headers</maml:name>
<maml:Description><maml:para>All the headers in hashtable format you will be sending.
</maml:para>
</maml:Description>
<command:parameterValue required="true" variableLength="false">Hashtable</command:parameterValue>
<dev:type><maml:name>Hashtable</maml:name>
<maml:uri /></dev:type>
<dev:defaultValue>$Script:Headers</dev:defaultValue>
</command:parameter>
<command:parameter required="false" variableLength="true" globbing="false" pipelineInput="False" position="3" aliases="none"><maml:name>Body</maml:name>
<maml:Description><maml:para>The body of the REST request
</maml:para>
</maml:Description>
<command:parameterValue required="true" variableLength="false">Object</command:parameterValue>
<dev:type><maml:name>Object</maml:name>
<maml:uri /></dev:type>
<dev:defaultValue>None</dev:defaultValue>
</command:parameter>
<command:parameter required="false" variableLength="true" globbing="false" pipelineInput="False" position="4" aliases="none"><maml:name>Method</maml:name>
<maml:Description><maml:para>REST method to send. Can be Head, Get, Put, Patch, Post, or Delete. Default is Get.
</maml:para>
</maml:Description>
<command:parameterValue required="true" variableLength="false">String</command:parameterValue>
<dev:type><maml:name>String</maml:name>
<maml:uri /></dev:type>
<dev:defaultValue>Get</dev:defaultValue>
</command:parameter>
</command:parameters>
<command:inputTypes></command:inputTypes>
<command:returnValues></command:returnValues>
<maml:alertSet><maml:alert><maml:para>Author: Zachary Loeber
</maml:para>
</maml:alert>
</maml:alertSet>
<command:examples><command:example><maml:title>-------------------------- EXAMPLE 1 --------------------------</maml:title>
<dev:code>TBD</dev:code>
<dev:remarks><maml:para>
</maml:para>
</dev:remarks>
</command:example>
</command:examples>
<command:relatedLinks><maml:navigationLink><maml:linkText>https://github.com/zloeber/PSCloudFlare</maml:linkText>
<maml:uri>https://github.com/zloeber/PSCloudFlare</maml:uri>
</maml:navigationLink>
</command:relatedLinks>
</command:command>
<command:command xmlns:maml="http://schemas.microsoft.com/maml/2004/10" xmlns:command="http://schemas.microsoft.com/maml/dev/command/2004/10" xmlns:dev="http://schemas.microsoft.com/maml/dev/2004/10" xmlns:MSHelp="http://msdn.microsoft.com/mshelp">
<command:details><command:name>Remove-CFFirewallRule</command:name>
<command:verb>Remove</command:verb>
<command:noun>CFFirewallRule</command:noun>
<maml:description><maml:para>Removes a Cloudflare firewall rule.
</maml:para>
</maml:description>
</command:details>
<maml:description><maml:para>Removes a Cloudflare firewall rule.
</maml:para>
</maml:description>
<command:syntax><command:syntaxItem><maml:name>Remove-CFFirewallRule</maml:name>
<command:parameter required="true" variableLength="true" globbing="false" pipelineInput="False" position="1" aliases="none"><maml:name>RuleID</maml:name>
<maml:Description><maml:para>RuleID to remove
</maml:para>
</maml:Description>
<command:parameterValue required="true" variableLength="false">String</command:parameterValue>
<dev:type><maml:name>String</maml:name>
<maml:uri /></dev:type>
<dev:defaultValue>None</dev:defaultValue>
</command:parameter>
<command:parameter required="false" variableLength="true" globbing="false" pipelineInput="False" position="2" aliases="none"><maml:name>ZoneID</maml:name>
<maml:Description><maml:para>You apply firewall rules to individual zones or to the whole organization. If you pass ZoneID it will be targeted otherwise the currently loaded zone from Set-CFCurrentZone is targeted.
</maml:para>
</maml:Description>
<command:parameterValue required="true" variableLength="false">String</command:parameterValue>
<dev:type><maml:name>String</maml:name>
<maml:uri /></dev:type>
<dev:defaultValue>None</dev:defaultValue>
</command:parameter>
</command:syntaxItem>
</command:syntax>
<command:parameters><command:parameter required="true" variableLength="true" globbing="false" pipelineInput="False" position="1" aliases="none"><maml:name>RuleID</maml:name>
<maml:Description><maml:para>RuleID to remove
</maml:para>
</maml:Description>
<command:parameterValue required="true" variableLength="false">String</command:parameterValue>
<dev:type><maml:name>String</maml:name>
<maml:uri /></dev:type>
<dev:defaultValue>None</dev:defaultValue>
</command:parameter>
<command:parameter required="false" variableLength="true" globbing="false" pipelineInput="False" position="2" aliases="none"><maml:name>ZoneID</maml:name>
<maml:Description><maml:para>You apply firewall rules to individual zones or to the whole organization. If you pass ZoneID it will be targeted otherwise the currently loaded zone from Set-CFCurrentZone is targeted.
</maml:para>
</maml:Description>
<command:parameterValue required="true" variableLength="false">String</command:parameterValue>
<dev:type><maml:name>String</maml:name>
<maml:uri /></dev:type>
<dev:defaultValue>None</dev:defaultValue>
</command:parameter>
</command:parameters>
<command:inputTypes></command:inputTypes>
<command:returnValues></command:returnValues>
<maml:alertSet><maml:alert><maml:para>Author: Zachary Loeber
</maml:para>
</maml:alert>
</maml:alertSet>
<command:examples><command:example><maml:title>-------------------------- EXAMPLE 1 --------------------------</maml:title>
<dev:code>TBD</dev:code>
<dev:remarks><maml:para>
</maml:para>
</dev:remarks>
</command:example>
</command:examples>
<command:relatedLinks><maml:navigationLink><maml:linkText>https://github.com/zloeber/PSCloudFlare</maml:linkText>
<maml:uri>https://github.com/zloeber/PSCloudFlare</maml:uri>
</maml:navigationLink>
</command:relatedLinks>
</command:command>
<command:command xmlns:maml="http://schemas.microsoft.com/maml/2004/10" xmlns:command="http://schemas.microsoft.com/maml/dev/command/2004/10" xmlns:dev="http://schemas.microsoft.com/maml/dev/2004/10" xmlns:MSHelp="http://msdn.microsoft.com/mshelp">
<command:details><command:name>Set-CFCurrentZone</command:name>
<command:verb>Set</command:verb>
<command:noun>CFCurrentZone</command:noun>
<maml:description><maml:para>Sets the currently targeted zone for other functions
</maml:para>
</maml:description>
</command:details>
<maml:description><maml:para>Sets the currently targeted zone for other functions
</maml:para>
</maml:description>
<command:syntax><command:syntaxItem><maml:name>Set-CFCurrentZone</maml:name>
<command:parameter required="false" variableLength="true" globbing="false" pipelineInput="False" position="1" aliases="none"><maml:name>Zone</maml:name>
<maml:Description><maml:para>The zone domain name
</maml:para>
</maml:Description>
<command:parameterValue required="true" variableLength="false">String</command:parameterValue>
<dev:type><maml:name>String</maml:name>
<maml:uri /></dev:type>
<dev:defaultValue>None</dev:defaultValue>
</command:parameter>
</command:syntaxItem>
</command:syntax>
<command:parameters><command:parameter required="false" variableLength="true" globbing="false" pipelineInput="False" position="1" aliases="none"><maml:name>Zone</maml:name>
<maml:Description><maml:para>The zone domain name
</maml:para>
</maml:Description>
<command:parameterValue required="true" variableLength="false">String</command:parameterValue>
<dev:type><maml:name>String</maml:name>
<maml:uri /></dev:type>
<dev:defaultValue>None</dev:defaultValue>
</command:parameter>
</command:parameters>
<command:inputTypes></command:inputTypes>
<command:returnValues></command:returnValues>
<maml:alertSet><maml:alert><maml:para>Author: Zachary Loeber
</maml:para>
</maml:alert>
</maml:alertSet>
<command:examples><command:example><maml:title>-------------------------- EXAMPLE 1 --------------------------</maml:title>
<dev:code>Set-CFCurrentZone -Zone 'contoso.com'</dev:code>
<dev:remarks><maml:para>
</maml:para>
</dev:remarks>
</command:example>
</command:examples>
<command:relatedLinks><maml:navigationLink><maml:linkText>https://github.com/zloeber/PSCloudFlare</maml:linkText>
<maml:uri>https://github.com/zloeber/PSCloudFlare</maml:uri>
</maml:navigationLink>
</command:relatedLinks>
</command:command>
</helpItems>
